システム化構想の立案,システム化構想基本方針の策定
システム化構想の立案,現行業務、システムの調査分析
システム化構想の立案,新業務の全体像把握と評価指標の設定
システム化構想の立案,投資規模の策定
システム化構想の立案,システム化構想の成案化
システム化構想の立案,システム化構想の支援
システム化計画の策定,システム化計画におけるプロジェクト計画の策定
システム化計画の策定,システム計画の基本要件の確認
システム化計画の策定,対象業務の課題整理
システム化計画の策定,現状システムの分析と対応方針の策定
システム化計画の策定,業務モデルの作成
システム化計画の策定,システム化機能の整理とシステム方式の検討
システム化計画の策定,付帯機能、付帯設備に対する基本方針の明確化
システム化計画の策定,サービスレベルと品質に対する基本方針の明確化
システム化計画の策定,プロジェクトの目標設定
システム化計画の策定,実現可能性の検討
システム化計画の策定,全体開発スケジュールの作成
システム化計画の策定,システム選定方針の策定
システム化計画の策定,費用とシステム投資効果の予測
システム化計画の策定,システム化計画の成案化
システム化要件定義,システム化の対象と目的の決定
システム化要件定義,要求事項の調査と分析
システム化要件定義,機能要件の定義
システム化要件定義,非機能要件の定義
システム化要件定義,システム化要件の文書化とレビュー
システム化要件定義（Webサイト）,現状把握
システム化要件定義（Webサイト）,対象Webサイトの要件定義
システム化要件定義（Webサイト）,システム化要件の文書化とレビュー
セキュリティ要件定義,現状把握
セキュリティ要件定義,セキュリティ要件の定義
セキュリティ要件定義,セキュリティ要件の評価
システム方式設計,システム方式の設計
システム方式設計,適用製品・技術の評価と選定
システム方式設計,システム方式設計の文書化とレビュー
システム方式設計（Webサイト）,システム方式の設計
システム方式設計（Webサイト）,適用製品・技術の評価と選定
システム方式設計（Webサイト）,システム方式設計の文書化とレビュー
システム運用設計,方針と基準の策定
システム運用設計,システム運用設計とレビュー
移行設計,移行の要件と方針の明確化
移行設計,移行対象の明確化
移行設計,移行テスト計画の作成
移行設計,移行のスケジュールと体制の明確化
基盤システム設計（共通）,全体設計（基本設計）
基盤システム設計（プラットフォーム）,プラットフォーム設計
プロジェクト立ち上げ,プロジェクト企画書の作成
プロジェクト立ち上げ,プロジェクト企画書の申請と説明
プロジェクト立ち上げ,プロジェクト企画書の完成
プロジェクト計画策定,スコープ計画の策定
プロジェクト計画策定,プロジェクト方針の決定
プロジェクト計画策定,スコープの定義
プロジェクト計画策定,スケジュール計画の策定
プロジェクト計画策定,資源計画の策定
プロジェクト計画策定,組織要員計画の策定
プロジェクト計画策定,調達計画の策定
プロジェクト計画策定,費用計画の策定
プロジェクト計画策定,品質保証計画の策定
プロジェクト計画策定,リスク管理計画の策定
プロジェクト計画策定,コミュニケーション計画の策定
プロジェクト計画策定,プロジェクト計画書の作成
プロジェクト追跡と実行管理,プロジェクトの実行管理
プロジェクト追跡と実行管理,プロジェクトの監視と追跡
プロジェクト追跡と実行管理,問題管理
プロジェクト追跡と実行管理,工程完了評価
プロジェクト追跡と実行管理,プロジェクト状況の報告
プロジェクト追跡と実行管理,進捗管理
プロジェクト追跡と実行管理,資源管理
プロジェクト追跡と実行管理,組織要員管理
プロジェクト追跡と実行管理,調達管理
プロジェクト追跡と実行管理,費用管理
プロジェクト追跡と実行管理,品質管理
プロジェクト追跡と実行管理,リスク管理
プロジェクト追跡と実行管理,コミュニケーション管理
プロジェクト追跡と実行管理,変更管理
プロジェクト終結,プロジェクト終結の確認
プロジェクト終結,プロジェクトの完了報告
プロジェクト終結,プロジェクトの完了評価
プロジェクト個別の品質マネジメント,レビューのマネジメント
プロジェクト個別の品質マネジメント,テストのマネジメント
プロジェクト個別の品質マネジメント,品質分析・評価のマネジメント
